{
    "name": "HID Keyboard",
    "vendorId": "0x4C4B",
    "productId": "0x4643",
    "lighting": "none",
    "matrix": {
        "rows": 10,
        "cols": 6
    },
    "layouts": {
        "keymap": [
  [
    {
      "x": 3.5
    },
    "0,3",
    {
      "x": 8
    },
    "5,3"
  ],
  [
    {
      "y": -0.5,
      "x": 4.5
    },
    "0,4",
    {
      "x": 6
    },
    "5,4"
  ],
  [
    {
      "y": -0.75,
      "x": 5.5
    },
    "0,5",
    {
      "x": 4
    },
    "5,5"
  ],
  [
    {
      "y": -0.75,
      "x": 3.5
    },
    "1,3",
    {
      "x": 8
    },
    "6,3"
  ],
  [
    {
      "y": -0.5,
      "x": 4.5
    },
    "1,4",
    {
      "x": 6
    },
    "6,4"
  ],
  [
    {
      "y": -0.75,
      "x": 5.5
    },
    "1,5",
    {
      "x": 4
    },
    "6,5"
  ],
  [
    {
      "y": -0.75,
      "x": 3.5
    },
    "2,3",
    {
      "x": 8
    },
    "7,3"
  ],
  [
    {
      "y": -0.5,
      "x": 4.5
    },
    "2,4",
    {
      "x": 6
    },
    "7,4"
  ],
  [
    {
      "y": -0.75,
      "x": 5.5
    },
    "2,5",
    {
      "x": 4
    },
    "7,5"
  ],
  [
    {
      "y": -0.75,
      "x": 3.5
    },
    "3,3",
    {
      "x": 8
    },
    "8,3"
  ],
  [
    {
      "y": -0.5,
      "x": 4.5
    },
    "3,4",
    {
      "x": 6
    },
    "8,4"
  ],
  [
    {
      "y": -0.75,
      "x": 5.5
    },
    "3,5",
    {
      "x": 4
    },
    "8,5"
  ],
  [
    {
      "rx": 4,
      "ry": 8.6,
      "y": -3.8499999999999996,
      "x": -0.8999999999999999
    },
    "4,2",
    "4,3"
  ],
  [
    {
      "rx": 13,
      "y": -3.8499999999999996,
      "x": -1.0999999999999996
    },
    "9,3",
    "9,2"
  ],
  [
    {
      "r": 4,
      "rx": 14.5,
      "ry": 3.75,
      "y": -3.25,
      "x": -0.9499999999999993
    },
    "5,2"
  ],
  [
    {
      "x": -0.9499999999999993
    },
    "6,2"
  ],
  [
    {
      "x": -0.9499999999999993
    },
    "7,2"
  ],
  [
    {
      "x": -0.9499999999999993
    },
    "8,2"
  ],
  [
    {
      "r": 10,
      "rx": 15.25,
      "y": -2.6,
      "x": -0.5999999999999996
    },
    "5,1",
    "5,0"
  ],
  [
    {
      "x": -0.5999999999999996
    },
    "6,1",
    "6,0"
  ],
  [
    {
      "x": -0.5999999999999996
    },
    "7,1",
    "7,0"
  ],
  [
    {
      "x": -0.5999999999999996
    },
    "8,1",
    "8,0"
  ],
  [
    {
      "r": 15,
      "rx": 4,
      "ry": 8.6,
      "y": -4,
      "x": 0.34999999999999964
    },
    "4,4"
  ],
  [
    {
      "r": 30,
      "y": -1.25,
      "x": 0.5499999999999998
    },
    "4,5"
  ],
  [
    {
      "r": -30,
      "rx": 13,
      "y": -4.25,
      "x": -1.5999999999999996
    },
    "9,5"
  ],
  [
    {
      "r": -15,
      "y": -0.75,
      "x": -1.3499999999999996
    },
    "9,4"
  ],
  [
    {
      "r": -10,
      "rx": 2,
      "ry": 3.75,
      "y": -2.6,
      "x": -1.66
    },
    "0,0",
    "0,1"
  ],
  [
    {
      "x": -1.66
    },
    "1,0",
    "1,1"
  ],
  [
    {
      "x": -1.66
    },
    "2,0",
    "2,1"
  ],
  [
    {
      "x": -1.66
    },
    "3,0",
    "3,1"
  ],
  [
    {
      "r": -4,
      "rx": 2.75,
      "y": -3.25,
      "x": -0.2999999999999998
    },
    "0,2"
  ],
  [
    {
      "x": -0.2999999999999998
    },
    "1,2"
  ],
  [
    {
      "x": -0.2999999999999998
    },
    "2,2"
  ],
  [
    {
      "x": -0.2999999999999998
    },
    "3,2"
  ]
]
    }
}
